objetivo,sensor,alpha,R2_CV_promedio,R2_CV_std,R2_OOF,RMSE_OOF,MAE_OOF,RMSE_Dummy_OOF,reduccion_RMSE_vs_Dummy_pct,n_desarrollo,n_folds
CO,AT,1,0.0169045647328968,0.0137387446045353,0.0211556678308889,2.143847356544438,1.336455801655478,2.16882302862984,1.1515772267127078,27570,5
CO,AP,1,-0.0063689549238645,0.0090458970944672,-0.0017472748441202,2.1687831461769598,1.3650560947797643,2.16882302862984,0.001838898441886,27570,5
CO,AH,1,0.0073123909819225,0.0056397029181134,0.0099291745393079,2.1561063392377213,1.358778039611824,2.16882302862984,0.5863405738619654,27570,5
CO,AFDP,1,0.1830214600988717,0.0354466584176506,0.1904478611970154,1.949662583351188,1.1725907383998269,2.16882302862984,10.10504049365002,27570,5
CO,GTEP,1,0.2746312461689638,0.0266206912413945,0.2742281881298111,1.8460229382561868,1.103626263790665,2.16882302862984,14.883652843615511,27570,5
CO,TIT,1,0.4874863558555112,0.0471793670327328,0.4927620263249967,1.5432735903958694,0.8702700645729695,2.16882302862984,28.842806903851592,27570,5
CO,TAT,1,0.0015773421205987,0.0101202521397377,0.0057587609112389,2.1606425834953384,1.3425735354508683,2.16882302862984,0.3771836164829678,27570,5
CO,TEY,1,0.3219998422259091,0.025762874551475,0.3278081348525933,1.7765755095884883,1.0530156093148335,2.16882302862984,18.08573193217867,27570,5
CO,CDP,1,0.3031513959727235,0.0199825483426563,0.3078992848899518,1.8026926740196665,1.069010731383044,2.16882302862984,16.881522824915674,27570,5
NOX,AT,1,0.2732486090970421,0.0505485866362144,0.2896453361880197,9.516567533050074,7.261873625044078,11.371177337673592,16.30974304198962,27570,5
NOX,AP,1,-0.0262321291885106,0.0609543291292197,-0.0030285226779711,11.308353010320356,8.741727599496654,11.371177337673592,0.5524874468811114,27570,5
NOX,AH,1,-0.0069067567681051,0.0260292863682564,0.0149370194648459,11.206621780684443,8.661078593300354,11.371177337673592,1.447128578708945,27570,5
NOX,AFDP,1,-0.0052243576996485,0.0207590652946592,0.0174346618781284,11.19240548218096,8.735372059416948,11.371177337673592,1.5721490412461292,27570,5
NOX,GTEP,1,-0.0020447240317457,0.0370030687508138,0.0201549892086215,11.176901113952225,8.697567235365781,11.371177337673592,1.7084970003740652,27570,5
NOX,TIT,1,-0.0083971312498585,0.0562115914284823,0.0146374604001472,11.208325626034243,8.759401938372505,11.371177337673592,1.4321446830295017,27570,5
NOX,TAT,1,-0.0347608074389594,0.0421661922215457,-0.0108783699768872,11.352517178720571,8.739707810423932,11.371177337673592,0.1641005007564144,27570,5
NOX,TEY,1,-0.0306156082161308,0.0357182032824511,-0.0073220417265975,11.332530180169751,8.797489617732628,11.371177337673592,0.339869446726504,27570,5
NOX,CDP,1,-0.0136023265204061,0.0334511099380646,0.0090786142074814,11.239896611339605,8.74676761630909,11.371177337673592,1.1545042561164287,27570,5
