anio,titulo,autores,DOI,revista,enlace
2026,Emission reduction in gas turbine: improving CO and NOx emission prediction using modified CNN-Bi-LSTM extrinsic attention regressor,"Roy, A Pramanik, S Mitra, K Chakraborty, M",10.1007/s10668-025-07209-w,ENVIRONMENT DEVELOPMENT AND SUSTAINABILITY,https://doi.org/10.1007/s10668-025-07209-w
2024,Predictive Modeling of NOx Emissions from Lean Direct Injection of Hydrogen and Hydrogen/Natural Gas Blends Using Flame Imaging and Machine Learning,"Escudero, IG Mcdonell, V",10.3390/ijtpp9040033,INTERNATIONAL JOURNAL OF TURBOMACHINERY PROPULSION AND POWER,https://doi.org/10.3390/ijtpp9040033
2024,Supervised learning-based multi-site lean blowout prediction for dry low emission gas turbine,"Bahashwan, AA Ibrahim, R Omar, M Amosa, TI",10.1016/j.eswa.2023.123035,EXPERT SYSTEMS WITH APPLICATIONS,https://doi.org/10.1016/j.eswa.2023.123035
2023,Long-term atmospheric pollutant emissions from a combined cycle gas turbine: Trend monitoring and prediction applying machine learning,"Wood, DA",10.1016/j.fuel.2023.127722,FUEL,https://doi.org/10.1016/j.fuel.2023.127722
2024,Transient NOx emission modeling of a hydrogen-diesel engine using hybrid machine learning methods,"Shahpouri, S Gordon, D Shahbakhti, M Koch, CR",10.1177/14680874241272898,INTERNATIONAL JOURNAL OF ENGINE RESEARCH,https://doi.org/10.1177/14680874241272898
2023,Prediction of Dry-Low Emission Gas Turbine Operating Range from Emission Concentration Using Semi-Supervised Learning,"Faqih, M Omar, MB Ibrahim, R",10.3390/s23083863,SENSORS,https://doi.org/10.3390/s23083863
2024,Fast and accurate gas turbine emission prediction based on a light and enhanced Transformer model,"Li, JJ Han, J Niu, DP Jiang, XZ",10.1016/j.fuel.2024.132750,FUEL,https://doi.org/10.1016/j.fuel.2024.132750
2025,An enhanced multilayer Res-Informer with Savitzky-Golay filter for predicting mixed CO and NOx emissions in gas turbines,"Su, X Zhang, YM Zhang, YY Liu, JF Xu, M Jia, PF",10.1016/j.chemolab.2025.105379,CHEMOMETRICS AND INTELLIGENT LABORATORY SYSTEMS,https://doi.org/10.1016/j.chemolab.2025.105379
2025,Boiler NOx emission prediction based on ensemble learning and extreme learning machine optimization,"Dong, Z Li, J Zhao, XX Jiang, W Gao, MS",10.1016/j.partic.2025.07.023,PARTICUOLOGY,https://doi.org/10.1016/j.partic.2025.07.023
2026,Deep Learning Model for Transient NOx Emission Prediction of Diesel Engines Based on Steady-State Data with Data Augmentation,"Choi, J Shin, S",10.1007/s12239-026-00548-1,INTERNATIONAL JOURNAL OF AUTOMOTIVE TECHNOLOGY,https://doi.org/10.1007/s12239-026-00548-1
2021,Combustion Tuning for a Gas Turbine Power Plant Using Data-Driven and Machine Learning Approach,"Li, SH Zhu, HX Zhu, M Zhao, G Wei, XF",10.1115/1.4050020,JOURNAL OF ENGINEERING FOR GAS TURBINES AND POWER-TRANSACTIONS OF THE ASME,https://doi.org/10.1115/1.4050020
2021,Data Analysis and Symbolic Regression Models for Predicting CO and NOx Emissions from Gas Turbines,"Kochueva, O Nikolskii, K",10.3390/computation9120139,COMPUTATION,https://doi.org/10.3390/computation9120139
2025,Prediction of NOx emission from SCR zonal ammonia injection system of boiler based on ensemble incremental learning,"Dong, Z Jiang, W Wu, Z Zhao, XX Sun, M",10.1016/j.energy.2025.135049,ENERGY,https://doi.org/10.1016/j.energy.2025.135049
2023,A Gas Emission Prediction Model Based on Feature Selection and Improved Machine Learning,"Shao, LS Zhang, K",10.3390/pr11030883,PROCESSES,https://doi.org/10.3390/pr11030883
2023,Exhaust Temperature Prediction for Gas Turbine Performance Estimation by Using Deep Learning,"Hong, CW Kim, J",10.1007/s42835-023-01488-x,JOURNAL OF ELECTRICAL ENGINEERING & TECHNOLOGY,https://doi.org/10.1007/s42835-023-01488-x
2023,Prediction of CO-NOx Emissions from a Natural Gas Power Plant Using Proper Machine Learning Models,"Wu, W Lin, YT Liao, PH Aziz, M Kuo, PC",10.1002/ente.202300041,ENERGY TECHNOLOGY,https://doi.org/10.1002/ente.202300041
2026,Industrial gas turbine emissions prediction using data-driven hybrid stacked ensemble machine under dynamic operating conditions,"Winarto, R Anggraeni, W Purnomo, MH",10.1016/j.eij.2026.101041,EGYPTIAN INFORMATICS JOURNAL,https://doi.org/10.1016/j.eij.2026.101041
2024,Exploring explainable ensemble machine learning methods for long-term performance prediction of industrial gas turbines: A comparative analysis,"Naghibi, A",10.1016/j.engappai.2024.109318,ENGINEERING APPLICATIONS OF ARTIFICIAL INTELLIGENCE,https://doi.org/10.1016/j.engappai.2024.109318
2025,Advanced hybrid neural network techniques for minimizing gas turbine emissions,"Roy, A Pramanik, S Mitra, K Chakraborty, M",10.1108/WJE-11-2023-0473,WORLD JOURNAL OF ENGINEERING,https://doi.org/10.1108/WJE-11-2023-0473
2026,Towards reliable and interpretable NOx emission prediction: A knowledge and data driven model for coal-fired boilers with spatiotemporal feature integration,"Zhou, ZH Yu, J Zhang, ZX Wu, XJ Guo, XW",10.1016/j.energy.2025.139572,ENERGY,https://doi.org/10.1016/j.energy.2025.139572
2024,Dynamic NOX emission concentration prediction based on the combined feature selection algorithm and deep neural network,"Tang, ZH Wang, SK Li, Y",10.1016/j.energy.2024.130608,ENERGY,https://doi.org/10.1016/j.energy.2024.130608
2024,Prediction of emissions from gas turbine power generation on GWO-XGBoost-Sobol,"Chen, ZM Pu, YX",10.1007/s12206-024-0245-3,JOURNAL OF MECHANICAL SCIENCE AND TECHNOLOGY,https://doi.org/10.1007/s12206-024-0245-3
2026,Gas Turbine Exhaust Gas Temperature Prediction Under Variable Operating Loads and IGV Positions Using Tree-Based Ensemble Learning,"Aslan, A",10.3390/machines14060630,MACHINES,https://doi.org/10.3390/machines14060630
2023,Prediction model of NOx emissions in the heavy-duty gas turbine combustor based on MILD combustion,"Zhao, QN Liu, F Jiao, AY Yang, QG Xu, HT Liao, XW",10.1016/j.energy.2023.128974,ENERGY,https://doi.org/10.1016/j.energy.2023.128974
2022,NOx Emission Prediction Based on SSA-DELM via CFD and DCS Data Fusion,"Lv, ML Zhao, JP Cao, SX Tang, ZH",10.18280/ijht.400621,INTERNATIONAL JOURNAL OF HEAT AND TECHNOLOGY,https://doi.org/10.18280/ijht.400621
2022,Data-Based Engine Torque and NOx Raw Emission Prediction,"Yuan, Z Shi, XY Jiang, DG Liang, YF Mi, J Fan, HJ",10.3390/en15124346,ENERGIES,https://doi.org/10.3390/en15124346
2024,An emission predictive system for CO and NOx from gas turbine based on ensemble machine learning approach,"Pachauri, N",10.1016/j.fuel.2024.131421,FUEL,https://doi.org/10.1016/j.fuel.2024.131421
2020,INDUSTRIAL GAS TURBINE OPERATING PARAMETERS MONITORING AND DATA-DRIVEN PREDICTION,"Pawelczyk, M Fulara, S Sepe, M De Luca, A Badora, M",10.17531/ein.2020.3.2,EKSPLOATACJA I NIEZAWODNOSC-MAINTENANCE AND RELIABILITY,https://doi.org/10.17531/ein.2020.3.2
2024,NOx Emission Predictions in Gas Turbines Through Integrated Data-Driven Machine Learning Approaches,"Hoque, KE Hossain, T Haque, ABMM Miah, MAK Haque, MA",10.1115/1.4065200,JOURNAL OF ENERGY RESOURCES TECHNOLOGY-TRANSACTIONS OF THE ASME,https://doi.org/10.1115/1.4065200
2024,CO and NOx emissions prediction in gas turbine using a novel modeling pipeline based on the combination of deep forest regressor and feature engineering,"Coelho, LD Ayala, HVH Mariani, VC",10.1016/j.fuel.2023.129366,FUEL,https://doi.org/10.1016/j.fuel.2023.129366
2023,NOx emissions estimation of boiler based on mutual information feature reconstruction and optimization of extreme learning machine,"Jiang, W Dong, Z Sun, M Liu, L He, GS",10.1088/1361-6501/ace5c8,MEASUREMENT SCIENCE AND TECHNOLOGY,https://doi.org/10.1088/1361-6501/ace5c8
2022,Nox emission estimation in gas turbines via interpretable neural network observer with adjustable intermediate layer considering ambient and boundary conditions,"Huang, DW Tang, SH Zhou, DJ Hao, JR",10.1016/j.measurement.2021.110429,MEASUREMENT,https://doi.org/10.1016/j.measurement.2021.110429
2024,A Hybrid Neural Network-Based Improved PSO Algorithm for Gas Turbine Emissions Prediction,"Yousif, ST Ismail, FB Al-Bazi, A",10.1002/adts.202301222,ADVANCED THEORY AND SIMULATIONS,https://doi.org/10.1002/adts.202301222
2025,A Systematic Approach to Sensor Selection for Gas Turbine Exhaust Gas Temperature Prediction,"Xu, JS Lou, FY",10.1115/1.4069252,JOURNAL OF ENGINEERING FOR GAS TURBINES AND POWER-TRANSACTIONS OF THE ASME,https://doi.org/10.1115/1.4069252
2024,Prediction and comparative analysis of emissions from gas turbines using random search optimization and different machine learning-based algorithms,"Aslan, E",10.24425/bpasts.2024.151956,BULLETIN OF THE POLISH ACADEMY OF SCIENCES-TECHNICAL SCIENCES,https://doi.org/10.24425/bpasts.2024.151956
2023,A NOx emission prediction hybrid method based on boiler data feature subset selection,"Xiao, H Huang, GR Xiong, GS Jiang, WC Dai, HN",10.1007/s11280-022-01107-1,WORLD WIDE WEB-INTERNET AND WEB INFORMATION SYSTEMS,https://doi.org/10.1007/s11280-022-01107-1
2021,Environmental Pollution Prediction of NOx by Predictive Modelling and Process Analysis in Natural Gas Turbine Power Plants,"Rezazadeh, A",10.22059/poll.2021.316327.977,POLLUTION,https://doi.org/10.22059/poll.2021.316327.977
2024,An explainable AI model for power plant NOx emission control,"Zhou, YY Aslanidou, I Karlsson, M Kyprianidis, K",10.1016/j.egyai.2023.100326,ENERGY AND AI,https://doi.org/10.1016/j.egyai.2023.100326
2021,Data-Driven Models for Gas Turbine Online Diagnosis,"Castillo, IG Loboda, I Ruiz, JLP",10.3390/machines9120372,MACHINES,https://doi.org/10.3390/machines9120372
2013,Prediction of NOx and CO Emissions from an Industrial Lean-Premixed Gas Turbine Combustor Using a Chemical Reactor Network Model,"Park, J Nguyen, TH Joung, D Huh, KY Lee, MC",10.1021/ef301741t,ENERGY & FUELS,https://doi.org/10.1021/ef301741t
2023,Tabular Machine Learning Methods for Predicting Gas Turbine Emissions,"Potts, R Hackney, R Leontidis, G",10.3390/make5030055,MACHINE LEARNING AND KNOWLEDGE EXTRACTION,https://doi.org/10.3390/make5030055
2019,Predicting CO and NOx emissions from gas turbines: novel data and a benchmark PEMS,"Kaya, H Tüfekci, P Uzun, E",10.3906/elk-1807-87,TURKISH JOURNAL OF ELECTRICAL ENGINEERING AND COMPUTER SCIENCES,https://doi.org/10.3906/elk-1807-87
2014,A Chemical Reactor Network for Oxides of Nitrogen Emission Prediction in Gas Turbine Combustor,"Hao, NT",10.1007/s11630-014-0707-5,JOURNAL OF THERMAL SCIENCE,https://doi.org/10.1007/s11630-014-0707-5
2022,Prediction of NOx emissions from gas turbines of a combined cycle power plant using an ANFIS model optimized by GA,"Dirik, M",10.1016/j.fuel.2022.124037,FUEL,https://doi.org/10.1016/j.fuel.2022.124037
2022,Designing a steady-state experimental dataset for predicting transient NOx emissions of diesel engines via deep learning,"Shin, S Lee, Y Lee, Y Park, J Kim, M Lee, S Min, K",10.1016/j.eswa.2022.116919,EXPERT SYSTEMS WITH APPLICATIONS,https://doi.org/10.1016/j.eswa.2022.116919
2024,NOx emissions prediction in diesel engines: a deep neural network approach,"Samosir, BF Quach, NY Chul, OK Lim, O",10.1007/s11356-023-30937-3,ENVIRONMENTAL SCIENCE AND POLLUTION RESEARCH,https://doi.org/10.1007/s11356-023-30937-3
2018,Long-Term NOx Emission Behavior of Heavy Duty Gas Turbines: An Approach for Model-Based Monitoring and Diagnostics,"Lipperheide, M Weidner, F Wirsum, M Gassner, M Bernero, S",10.1115/1.4040009,JOURNAL OF ENGINEERING FOR GAS TURBINES AND POWER-TRANSACTIONS OF THE ASME,https://doi.org/10.1115/1.4040009
2024,Application of ensemble machine learning techniques to the diagnosis of the combustion in a gas turbine,"Mena, MDR Muñoz, A Sanz-Bobi, MA Gonzalez-Calvo, D Alvarez-Tejedor, T",10.1016/j.applthermaleng.2024.123447,APPLIED THERMAL ENGINEERING,https://doi.org/10.1016/j.applthermaleng.2024.123447
2016,Neural Networks for Gas Turbine Diagnosis,"Loboda, I",10.5772/63107,ARTIFICIAL NEURAL NETWORKS: MODELS AND APPLICATIONS,https://doi.org/10.5772/63107
2023,Estimation of NOx pollutants in a spark engine fueled by mixed methane and hydrogen using neural networks and genetic algorithm,"Keshavarzzadeh, M Zahedi, R Eskandarpanah, R Qezelbigloo, S Gitifar, S Farahani, ON Mirzaei, AM",10.1016/j.heliyon.2023.e15304,HELIYON,https://doi.org/10.1016/j.heliyon.2023.e15304
