objetivo,modelo,metrica,IC95_inf,IC95_sup
CO,Media,R2,-0.0272954110275652,-0.0001328170876937
CO,Media,RMSE,2.11411130968735,3.031439477486291
CO,Media,MAE,1.3488749474240176,1.685638919552871
CO,Media,sesgo,-0.4631372587894025,0.0031348959788762
CO,Ridge,R2,0.4830315055279636,0.6458503061183927
CO,Ridge,RMSE,1.345889826456904,2.0587432792284748
CO,Ridge,MAE,0.8259792877894193,1.0544126979071642
CO,Ridge,sesgo,-0.1352576986256518,0.1816203177986484
CO,SVR lineal,R2,0.4838171209915554,0.647126765055289
CO,SVR lineal,RMSE,1.3456849322438915,2.054553004648366
CO,SVR lineal,MAE,0.8304257930614398,1.0586055204322904
CO,SVR lineal,sesgo,-0.1267343992442298,0.1917298637074755
NOX,Media,R2,-0.1472569718181213,-0.0003443841089426
NOX,Media,RMSE,11.315877664962832,14.580071348617007
NOX,Media,MAE,7.972541209088278,10.611238659184831
NOX,Media,sesgo,-4.958923369888919,0.2445346584029665
NOX,Ridge,R2,0.2878731929069993,0.6011504664518641
NOX,Ridge,RMSE,7.807686247884134,10.857600256708404
NOX,Ridge,MAE,5.379704505077398,7.214340359506949
NOX,Ridge,sesgo,-2.771102837217021,-0.0091748333611275
NOX,SVR lineal,R2,0.2898387694666122,0.6027666584333204
NOX,SVR lineal,RMSE,7.786701228486756,10.825520118416105
NOX,SVR lineal,MAE,5.401236575083817,7.232151482411528
NOX,SVR lineal,sesgo,-2.764048628312127,3.851886949408139e-05
